{
    "version": 1,
    "models": {
        "Declaration": {
            "name": "Declaration",
            "fields": {
                "id": {
                    "name": "id",
                    "isArray": false,
                    "type": "ID",
                    "isRequired": true,
                    "attributes": []
                },
                "direction": {
                    "name": "direction",
                    "isArray": false,
                    "type": {
                        "enum": "Direction"
                    },
                    "isRequired": true,
                    "attributes": []
                },
                "status": {
                    "name": "status",
                    "isArray": false,
                    "type": {
                        "enum": "DeclarationStatus"
                    },
                    "isRequired": false,
                    "attributes": []
                },
                "giftType": {
                    "name": "giftType",
                    "isArray": false,
                    "type": {
                        "enum": "GiftType"
                    },
                    "isRequired": true,
                    "attributes": []
                },
                "description": {
                    "name": "description",
                    "isArray": false,
                    "type": "String",
                    "isRequired": true,
                    "attributes": []
                },
                "estimatedValue": {
                    "name": "estimatedValue",
                    "isArray": false,
                    "type": "Float",
                    "isRequired": true,
                    "attributes": []
                },
                "giftDate": {
                    "name": "giftDate",
                    "isArray": false,
                    "type": "AWSDate",
                    "isRequired": true,
                    "attributes": []
                },
                "counterpartyName": {
                    "name": "counterpartyName",
                    "isArray": false,
                    "type": "String",
                    "isRequired": true,
                    "attributes": []
                },
                "counterpartyOrg": {
                    "name": "counterpartyOrg",
                    "isArray": false,
                    "type": "String",
                    "isRequired": true,
                    "attributes": []
                },
                "counterpartyRelationship": {
                    "name": "counterpartyRelationship",
                    "isArray": false,
                    "type": "String",
                    "isRequired": true,
                    "attributes": []
                },
                "justification": {
                    "name": "justification",
                    "isArray": false,
                    "type": "String",
                    "isRequired": true,
                    "attributes": []
                },
                "reviews": {
                    "name": "reviews",
                    "isArray": true,
                    "type": {
                        "model": "Review"
                    },
                    "isRequired": false,
                    "attributes": [],
                    "isArrayNullable": true,
                    "association": {
                        "connectionType": "HAS_MANY",
                        "associatedWith": [
                            "declarationId"
                        ]
                    }
                },
                "createdAt": {
                    "name": "createdAt",
                    "isArray": false,
                    "type": "AWSDateTime",
                    "isRequired": false,
                    "attributes": [],
                    "isReadOnly": true
                },
                "updatedAt": {
                    "name": "updatedAt",
                    "isArray": false,
                    "type": "AWSDateTime",
                    "isRequired": false,
                    "attributes": [],
                    "isReadOnly": true
                }
            },
            "syncable": true,
            "pluralName": "Declarations",
            "attributes": [
                {
                    "type": "model",
                    "properties": {}
                },
                {
                    "type": "auth",
                    "properties": {
                        "rules": [
                            {
                                "provider": "userPools",
                                "ownerField": "owner",
                                "allow": "owner",
                                "identityClaim": "cognito:username",
                                "operations": [
                                    "create",
                                    "update",
                                    "delete",
                                    "read"
                                ]
                            },
                            {
                                "groupClaim": "cognito:groups",
                                "provider": "userPools",
                                "allow": "groups",
                                "operations": [
                                    "read",
                                    "update"
                                ],
                                "groups": [
                                    "Compliance"
                                ]
                            },
                            {
                                "groupClaim": "cognito:groups",
                                "provider": "userPools",
                                "allow": "groups",
                                "operations": [
                                    "read",
                                    "update",
                                    "delete"
                                ],
                                "groups": [
                                    "Admin"
                                ]
                            }
                        ]
                    }
                }
            ],
            "primaryKeyInfo": {
                "isCustomPrimaryKey": false,
                "primaryKeyFieldName": "id",
                "sortKeyFieldNames": []
            }
        },
        "Review": {
            "name": "Review",
            "fields": {
                "id": {
                    "name": "id",
                    "isArray": false,
                    "type": "ID",
                    "isRequired": true,
                    "attributes": []
                },
                "declarationId": {
                    "name": "declarationId",
                    "isArray": false,
                    "type": "ID",
                    "isRequired": true,
                    "attributes": []
                },
                "declaration": {
                    "name": "declaration",
                    "isArray": false,
                    "type": {
                        "model": "Declaration"
                    },
                    "isRequired": false,
                    "attributes": [],
                    "association": {
                        "connectionType": "BELONGS_TO",
                        "targetNames": [
                            "declarationId"
                        ]
                    }
                },
                "comment": {
                    "name": "comment",
                    "isArray": false,
                    "type": "String",
                    "isRequired": false,
                    "attributes": []
                },
                "decision": {
                    "name": "decision",
                    "isArray": false,
                    "type": {
                        "enum": "ReviewDecision"
                    },
                    "isRequired": false,
                    "attributes": []
                },
                "reviewerId": {
                    "name": "reviewerId",
                    "isArray": false,
                    "type": "String",
                    "isRequired": false,
                    "attributes": []
                },
                "createdAt": {
                    "name": "createdAt",
                    "isArray": false,
                    "type": "AWSDateTime",
                    "isRequired": false,
                    "attributes": [],
                    "isReadOnly": true
                },
                "updatedAt": {
                    "name": "updatedAt",
                    "isArray": false,
                    "type": "AWSDateTime",
                    "isRequired": false,
                    "attributes": [],
                    "isReadOnly": true
                }
            },
            "syncable": true,
            "pluralName": "Reviews",
            "attributes": [
                {
                    "type": "model",
                    "properties": {}
                },
                {
                    "type": "auth",
                    "properties": {
                        "rules": [
                            {
                                "groupClaim": "cognito:groups",
                                "provider": "userPools",
                                "allow": "groups",
                                "operations": [
                                    "create",
                                    "read",
                                    "update"
                                ],
                                "groups": [
                                    "Compliance"
                                ]
                            },
                            {
                                "groupClaim": "cognito:groups",
                                "provider": "userPools",
                                "allow": "groups",
                                "operations": [
                                    "create",
                                    "read",
                                    "update",
                                    "delete"
                                ],
                                "groups": [
                                    "Admin"
                                ]
                            },
                            {
                                "provider": "userPools",
                                "ownerField": "owner",
                                "allow": "owner",
                                "operations": [
                                    "read"
                                ],
                                "identityClaim": "cognito:username"
                            }
                        ]
                    }
                }
            ],
            "primaryKeyInfo": {
                "isCustomPrimaryKey": false,
                "primaryKeyFieldName": "id",
                "sortKeyFieldNames": []
            }
        }
    },
    "enums": {
        "DeclarationStatus": {
            "name": "DeclarationStatus",
            "values": [
                "DRAFT",
                "SUBMITTED",
                "UNDER_REVIEW",
                "APPROVED",
                "REJECTED",
                "ESCALATED"
            ]
        },
        "GiftType": {
            "name": "GiftType",
            "values": [
                "CASH",
                "PHYSICAL",
                "IN_KIND"
            ]
        },
        "Direction": {
            "name": "Direction",
            "values": [
                "RECEIVED",
                "ISSUED"
            ]
        },
        "ReviewDecision": {
            "name": "ReviewDecision",
            "values": [
                "APPROVED",
                "REJECTED",
                "REQUEST_INFO"
            ]
        }
    },
    "nonModels": {}
}